PO Customer,OV Jypesa,Name,Item No.,Item/Service Description,FECHA HORACIO,Cajas a Entregar,Tarimas,UNIDAD,ESTATUS,CITA,HORA,PRODUCTO
OC14492/1,191067,GRUPO AGC,C09421-L01,712117 Acondicionador SEH Cola de Caballo Jalea Real 1000 ml 6 pzs/caja [140 cpp],25/09/2026,560,4,Camion,Entregado,25/09/2026,10:00 a. m.,ACONDICIONADOR
OC14492/1,191067,GRUPO AGC,C09421-L01,712117 Acondicionador SEH Cola de Caballo Jalea Real 1000 ml 6 pzs/caja [140 cpp],28/09/2026,494,4,Camion,Entregado,28/09/2026,11:00 a. m.,ACONDICIONADOR
OC14766,192183,GRUPO AGC,C09421-L02,PT10219 Shampoo SEH Rizos de Impacto 1000 ml 6 pzs/caja [140 cpp],28/09/2026,548,4,Camion,Entregado,28/09/2026,11:00 a. m.,SHAMPOO RIZOS
OC14492/2,191068,GRUPO AGC,C09421-L01,712117 Acondicionador SEH Cola de Caballo Jalea Real 1000 ml 6 pzs/caja [140 cpp],29/09/2026,"1,120",8,Camion,Entregado,30/09/2026,10:00 a. m.,ACONDICIONADOR
OC13722,190058,GRUPO AGC,C09421-L03,PT10264 Crema corporal ARV UREA Almendra calendula 420 ml 12 pzs/caja [120 cpp],30/09/2026,417,3,Camion,En Tiempo,01/10/2026,11:00 a. m.,CREMA ALMENDRA
OC14492/2,191068,GRUPO AGC,C09421-L01,"712117 Acondicionador SEH / Plan original 8 tarimas, pendientes 3 tarimas de esta partida",01/10/2026,"1,120",5,Camion,En Tiempo,01/10/2026,11:00 a. m.,"ACONDICIONADOR / Plan original 8 tarimas, pendientes 3 tarimas de esta partida"
OC14492/2,191068,GRUPO AGC,C09421-L01,712117 Acondicionador SEH Cola de Caballo Jalea Real 1000 ml 6 pzs/caja [140 cpp],02/10/2026,"1,120",8,Camion,En Tiempo,02/10/2026,11:00 a. m.,ACONDICIONADOR
OC14492/2,191068,GRUPO AGC,C09421-L01,712117 Acondicionador SEH Cola de Caballo Jalea Real 1000 ml 6 pzs/caja [140 cpp],06/10/2026,"1,120",8,Camion,En Tiempo,06/10/2026,09:00 a. m.,ACONDICIONADOR
OC14492/2,191068,GRUPO AGC,C09421-L01,712117 Acondicionador SEH Cola de Caballo Jalea Real 1000 ml 6 pzs/caja [140 cpp],08/10/2026,"1,120",8,Camion,En Tiempo,08/10/2026,11:00 a. m.,ACONDICIONADOR
