FECHA_HORA,USUARIO,MODULO
2026-09-28 03:47:43,Rigoberto,DASHBOARD
2026-09-28 03:48:17,Rigoberto,ENTREGAS - NACIONAL
2026-09-28 03:48:56,Rigoberto,ENTREGAS - NACIONAL
2026-09-28 03:57:09,Rigoberto,FINANZAS - GASTOS
2026-09-28 04:01:49,Rigoberto,ENTREGAS - NACIONAL
2026-09-28 04:09:39,Rigoberto,DASHBOARD
2026-09-28 04:11:49,Rigoberto,SEGUIMIENTO - ALERTAS
2026-09-28 04:12:04,Rigoberto,SEGUIMIENTO - INCIDENCIAS
2026-09-28 04:13:04,Rigoberto,DASHBOARD
2026-09-28 15:20:35,Rigoberto,FORMATOS - RECOLECCION ONE
2026-09-28 15:29:42,Rigoberto,FORMATOS - ENVIO DE MUESTRAS
2026-09-28 15:29:54,Rigoberto,REPORTES - COSTOS DE MUESTRAS
2026-09-28 15:52:07,Rigoberto,CENTRO DE DATOS - ASIGNAR FLETERA
2026-09-28 16:43:49,Rigoberto,DASHBOARD
2026-09-28 17:06:56,Rigoberto,CENTRO DE DATOS - ETIQUETAS
2026-09-28 17:37:09,Rigoberto,REPORTES - COSTOS DE MUESTRAS
2026-09-28 17:37:31,Rigoberto,FORMATOS - ENVIO DE MUESTRAS
2026-09-28 17:37:59,Rigoberto,REPORTES - ENVIOS ESPECIALES
2026-09-28 17:53:06,Rigoberto,DASHBOARD
2026-09-28 17:53:42,Rigoberto,CENTRO DE DATOS - CARGAR DATOS
2026-09-28 17:54:18,Rigoberto,DASHBOARD
2026-09-28 17:59:57,Rigoberto,SEGUIMIENTO - RECOLECCIONES
2026-09-28 18:35:00,AGomez,FORMATOS - ENVIO DE MUESTRAS
2026-09-28 19:54:15,Rigoberto,ENTREGAS - AGC
2026-09-28 19:57:50,Rigoberto,ENTREGAS - NACIONAL
2026-09-28 20:18:33,Rigoberto,DASHBOARD
2026-09-28 21:45:39,Brenda,ENTREGAS - NACIONAL
2026-09-28 23:23:16,Rigoberto,FORMATOS - COTIZACIONES
2026-09-29 00:27:26,Rigoberto,DASHBOARD
2026-09-29 00:42:57,Rigoberto,CENTRO DE DATOS - CARGAR DATOS
2026-09-29 00:42:58,Rigoberto,CENTRO DE DATOS - ESCANEAR QR
2026-09-28 19:25:00,Rigoberto,ACCESS CONTROL
2026-09-29 15:36:43,Rigoberto,SEGUIMIENTO - RECOLECCIONES
2026-09-29 16:02:14,Rigoberto,CENTRO DE DATOS - ASIGNAR FLETERA
2026-09-29 17:17:15,Rigoberto,CENTRO DE DATOS - ETIQUETAS
2026-09-29 17:23:07,Rigoberto,FORMATOS - ENVIO DE MUESTRAS
2026-09-29 17:23:19,Rigoberto,REPORTES - COSTOS DE MUESTRAS
2026-09-29 18:05:11,Rigoberto,REPORTES - COSTOS DE MUESTRAS
2026-09-29 18:15:50,Rigoberto,FORMATOS - ENVIO DE MUESTRAS
2026-09-29 18:16:15,Rigoberto,REPORTES - ENVIOS ESPECIALES
2026-09-29 18:19:24,Rigoberto,REPORTES - COSTOS DE MUESTRAS
2026-09-29 18:31:38,Rigoberto,DASHBOARD
2026-09-29 18:34:39,Rigoberto,ENTREGAS - NACIONAL
2026-09-29 19:11:08,Rigoberto,CENTRO DE DATOS - ASIGNAR FLETERA
2026-09-29 19:12:22,Rigoberto,DASHBOARD
2026-09-29 19:44:41,Rigoberto,CENTRO DE DATOS - CARGAR DATOS
2026-09-29 19:45:14,Rigoberto,DASHBOARD
2026-09-29 19:52:55,Rigoberto,DASHBOARD
2026-09-29 19:55:19,ASanchez,FORMATOS - ENVIO DE MUESTRAS
2026-09-29 19:56:45,Rigoberto,CENTRO DE DATOS - ESCANEAR QR
2026-09-29 19:58:15,Rigoberto,REPORTES - COSTOS DE MUESTRAS
2026-09-29 20:28:54,Rigoberto,FORMATOS - CHECK LIST AGC
2026-09-29 20:31:37,Rigoberto,REPORTES - COSTOS DE MUESTRAS
2026-09-29 20:33:49,Rigoberto,FORMATOS - ENVIO DE MUESTRAS
2026-09-29 20:38:26,Rigoberto,FORMATOS - CHECK LIST AGC
2026-09-29 20:49:09,Rigoberto,FORMATOS - ENVIO DE MUESTRAS
2026-09-29 20:50:15,Rigoberto,FORMATOS - ENVIO DE MUESTRAS
2026-09-29 20:59:34,Rigoberto,FORMATOS - ENVIO DE MUESTRAS
2026-09-29 21:06:22,Rigoberto,REPORTES - COSTOS DE MUESTRAS
2026-09-29 21:44:05,GloriaR,FORMATOS - ENVIO DE MUESTRAS
2026-09-29 21:47:08,Rigoberto,REPORTES - COSTOS DE MUESTRAS
2026-09-29 21:48:27,Rigoberto,FORMATOS - ENVIO DE MUESTRAS
2026-09-29 21:55:40,Rigoberto,REPORTES - ENVIOS ESPECIALES
2026-09-29 22:11:25,Rigoberto,ACCESS CONTROL
2026-09-29 16:11:26,Rigoberto,ACCESS CONTROL
2026-09-29 16:12:03,Rigoberto,ACCESS CONTROL
2026-09-29 16:12:20,Rigoberto,DASHBOARD
2026-09-29 22:13:10,Rigoberto,REPORTES - ENVIOS ESPECIALES
2026-09-29 22:17:04,Rigoberto,FORMATOS - ENVIO DE MUESTRAS
2026-09-29 22:43:10,Rigoberto,ENTREGAS - AGC
2026-09-29 22:57:46,Rigoberto,FORMATOS - ENVIO DE MUESTRAS
2026-09-29 22:59:59,Rigoberto,FORMATOS - ENVIO DE MUESTRAS
2026-09-29 23:01:47,Rigoberto,REPORTES - COSTOS DE MUESTRAS
2026-09-29 23:02:11,Rigoberto,FORMATOS - ENVIO DE MUESTRAS
2026-09-29 23:07:42,Rigoberto,FORMATOS - ENVIO DE MUESTRAS
2026-09-29 23:09:02,Rigoberto,REPORTES - COSTOS DE MUESTRAS
2026-09-29 23:09:12,Rigoberto,REPORTES - COSTOS DE MUESTRAS
2026-09-29 23:13:59,Rigoberto,FORMATOS - ENVIO DE MUESTRAS
2026-09-29 23:14:16,Rigoberto,REPORTES - COSTOS DE MUESTRAS
2026-09-29 23:15:20,Rigoberto,SEGUIMIENTO - INCIDENCIAS
2026-09-29 23:40:52,Rigoberto,CENTRO DE DATOS - ESCANEAR QR
2026-09-29 23:56:06,Rigoberto,DASHBOARD
2026-09-29 23:56:13,Rigoberto,SEGUIMIENTO - RECOLECCIONES
2026-09-30 00:31:46,Rigoberto,SEGUIMIENTO - INCIDENCIAS
2026-09-30 05:51:28,Rigoberto,SEGUIMIENTO - INCIDENCIAS
2026-09-30 05:52:24,Rigoberto,ENTREGAS - AGC
2026-09-30 05:52:44,Rigoberto,ENTREGAS - AGC
2026-09-30 15:17:18,Rigoberto,CENTRO DE DATOS - CARGAR DATOS
2026-09-30 15:18:43,Rigoberto,DASHBOARD
2026-09-30 15:19:52,Rigoberto,DASHBOARD
2026-09-30 15:39:56,Rigoberto,SEGUIMIENTO - RECOLECCIONES
2026-09-30 15:47:45,Rigoberto,CENTRO DE DATOS - ASIGNAR FLETERA
2026-09-30 15:52:17,Rigoberto,ENTREGAS - AGC
2026-09-30 15:52:25,Rigoberto,FORMATOS - PREGUIA PAQMEX
2026-09-30 16:22:58,Rigoberto,FORMATOS - CHECK LIST AGC
2026-09-30 16:28:42,Carlos,FORMATOS - CHECK LIST AGC
2026-09-30 16:29:38,Rigoberto,CENTRO DE DATOS - ETIQUETAS
2026-09-30 16:32:51,Rigoberto,FORMATOS - CHECK LIST AGC
2026-09-30 16:51:46,Rigoberto,SEGUIMIENTO - RECOLECCIONES
2026-09-30 16:58:17,Rigoberto,CENTRO DE DATOS - ASIGNAR FLETERA
2026-09-30 17:38:42,ASanchez,DASHBOARD
2026-09-30 18:06:55,Rigoberto,SEGUIMIENTO - RECOLECCIONES
2026-09-30 18:34:17,Rigoberto,DASHBOARD
2026-09-30 19:15:00,Rigoberto,ENTREGAS - NACIONAL
2026-09-30 20:05:08,Rigoberto,DASHBOARD
2026-09-30 20:05:26,Rigoberto,ACCESS CONTROL
2026-09-30 14:05:28,Rigoberto,ACCESS CONTROL
2026-09-30 20:11:05,Rigoberto,CENTRO DE DATOS - ASIGNAR FLETERA
2026-09-30 20:35:06,Rigoberto,ACCESS CONTROL
2026-09-30 14:35:08,Rigoberto,ACCESS CONTROL
2026-09-30 14:36:00,Rigoberto,ACCESS CONTROL
2026-09-30 14:36:01,Rigoberto,DASHBOARD
2026-09-30 20:37:00,Rigoberto,FORMATOS - CARTA RECLAMO
2026-09-30 22:16:45,Rigoberto,ENTREGAS - AGC
2026-09-30 22:39:03,Rigoberto,CENTRO DE DATOS - CARGAR DATOS
2026-09-30 22:43:24,Rigoberto,ENTREGAS - AGC
2026-09-30 22:56:21,ASanchez,FORMATOS - ENVIO DE MUESTRAS
2026-09-30 23:02:28,Rigoberto,CENTRO DE DATOS - ASIGNAR FLETERA
2026-10-01 00:38:14,Rigoberto,DASHBOARD
2026-10-01 00:42:43,Rigoberto,DASHBOARD
2026-10-01 00:46:07,Rigoberto,SEGUIMIENTO - RECOLECCIONES
2026-10-01 00:46:38,Rigoberto,SEGUIMIENTO - INCIDENCIAS
2026-10-01 00:46:56,Rigoberto,SEGUIMIENTO - ALERTAS
2026-10-01 00:49:44,Rigoberto,SEGUIMIENTO - RECOLECCIONES
2026-10-01 00:50:52,Rigoberto,SEGUIMIENTO - INCIDENCIAS
2026-10-01 00:52:17,Rigoberto,SEGUIMIENTO - RECOLECCIONES
2026-10-01 01:07:06,Rigoberto,SEGUIMIENTO - RECOLECCIONES
2026-10-01 01:25:10,Rigoberto,FORMATOS - SALIDA DE PT
2026-10-01 01:29:02,Rigoberto,SEGUIMIENTO - RECOLECCIONES
2026-10-01 01:50:45,Rigoberto,SEGUIMIENTO - INCIDENCIAS
2026-10-01 01:51:12,Rigoberto,SEGUIMIENTO - RECOLECCIONES
2026-10-01 02:03:52,Rigoberto,SEGUIMIENTO - INCIDENCIAS
2026-10-01 02:05:14,Rigoberto,SEGUIMIENTO - RECOLECCIONES
2026-10-01 02:16:15,Rigoberto,SEGUIMIENTO - INCIDENCIAS
2026-10-01 03:08:59,Rigoberto,SEGUIMIENTO - RECOLECCIONES
2026-10-01 04:21:24,Rigoberto,SEGUIMIENTO - INCIDENCIAS
2026-10-01 04:23:07,Rigoberto,SEGUIMIENTO - RECOLECCIONES
2026-10-01 04:26:56,Rigoberto,SEGUIMIENTO - INCIDENCIAS
2026-10-01 04:30:06,Rigoberto,SEGUIMIENTO - ALERTAS
2026-10-01 04:30:15,Rigoberto,SEGUIMIENTO - INCIDENCIAS
2026-10-01 05:32:18,Rigoberto,SEGUIMIENTO - INCIDENCIAS
2026-10-01 05:33:21,Rigoberto,SEGUIMIENTO - RECOLECCIONES
2026-10-01 05:34:23,Rigoberto,REPORTES - COSTOS DE MUESTRAS
2026-10-01 05:36:19,Rigoberto,REPORTES - ENVIOS ESPECIALES
2026-10-01 05:37:13,Rigoberto,REPORTES - COSTOS CEDIS
2026-10-01 05:37:18,Rigoberto,REPORTES - ANALISIS MENSUAL
2026-10-01 15:28:20,Rigoberto,CENTRO DE DATOS - ESCANEAR QR
2026-10-01 15:59:03,Rigoberto,CENTRO DE DATOS - ASIGNAR FLETERA
2026-10-01 16:31:02,Rigoberto,DASHBOARD
2026-10-01 16:47:19,Rigoberto,REPORTES - ANALISIS MENSUAL
2026-10-01 16:51:05,Rigoberto,DASHBOARD
2026-10-01 16:55:20,Rigoberto,CENTRO DE DATOS - ETIQUETAS
2026-10-01 17:04:54,Rigoberto,DASHBOARD
2026-10-01 17:07:34,Rigoberto,FORMATOS - RECOLECCION 3G
2026-10-01 17:48:19,Rigoberto,SEGUIMIENTO - INCIDENCIAS
2026-10-01 17:55:26,Rigoberto,SEGUIMIENTO - RECOLECCIONES
2026-10-01 18:51:29,Rigoberto,ENTREGAS - AGC
2026-10-01 19:00:29,Rigoberto,SEGUIMIENTO - RECOLECCIONES
2026-10-01 19:04:05,Rigoberto,ENTREGAS - NACIONAL
2026-10-01 19:33:47,AGomez,FORMATOS - ENVIO DE MUESTRAS
2026-10-01 22:13:27,Rigoberto,FORMATOS - RECOLECCION ONE
2026-10-01 22:13:40,Rigoberto,FORMATOS - RECOLECCION 3G
2026-10-01 22:36:02,Rigoberto,ENTREGAS - AGC
2026-10-01 22:52:58,Rigoberto,FORMATOS - RECOLECCION ONE
2026-10-01 22:57:41,Rigoberto,FORMATOS - RECOLECCION ONE
2026-10-01 23:01:05,Rigoberto,FORMATOS - RECOLECCION ONE
2026-10-01 23:07:40,Rigoberto,SEGUIMIENTO - RECOLECCIONES
2026-10-01 23:37:25,Rigoberto,ENTREGAS - AGC
2026-10-01 23:51:57,Rigoberto,CENTRO DE DATOS - CARGAR DATOS
2026-10-01 23:52:50,Rigoberto,ENTREGAS - AGC
2026-10-02 00:08:54,Rigoberto,CENTRO DE DATOS - CARGAR DATOS
2026-10-02 00:09:20,Rigoberto,DASHBOARD
2026-10-02 00:11:09,Rigoberto,DASHBOARD
2026-10-02 00:11:54,Rigoberto,CENTRO DE DATOS - CARGAR DATOS
2026-10-02 00:12:20,Rigoberto,ACCESS CONTROL
2026-10-01 18:12:21,Rigoberto,ACCESS CONTROL
2026-10-01 18:14:02,Rigoberto,ACCESS CONTROL
2026-10-01 18:14:04,Rigoberto,DASHBOARD
2026-10-02 00:27:49,Rigoberto,REPORTES - ANALISIS MENSUAL
2026-10-02 00:29:20,Rigoberto,REPORTES - COSTOS DE MUESTRAS
2026-10-02 00:31:05,Rigoberto,DASHBOARD
2026-10-02 00:39:07,Rigoberto,REPORTES - COSTOS DE MUESTRAS
2026-10-02 00:40:52,Rigoberto,DASHBOARD
2026-10-02 00:47:02,Rigoberto,ENTREGAS - NACIONAL
2026-10-02 03:10:17,Rigoberto,SEGUIMIENTO - RECOLECCIONES
2026-10-02 03:17:40,Rigoberto,DASHBOARD
2026-10-02 03:55:24,Rigoberto,REPORTES - ANALISIS MENSUAL
2026-10-02 04:07:34,Rigoberto,DASHBOARD
2026-10-02 06:19:13,Rigoberto,REPORTES - ANALISIS MENSUAL
2026-10-02 15:04:35,Brenda,ENTREGAS - NACIONAL
2026-10-02 15:57:43,Rigoberto,DASHBOARD
2026-10-02 16:50:05,Rigoberto,CENTRO DE DATOS - ASIGNAR FLETERA
2026-10-02 17:05:17,Rigoberto,CENTRO DE DATOS - CARGAR DATOS
2026-10-02 17:05:50,Rigoberto,DASHBOARD
2026-10-02 17:27:56,Rigoberto,CENTRO DE DATOS - CARGAR DATOS
2026-10-02 17:32:55,Rigoberto,CENTRO DE DATOS - ETIQUETAS
2026-10-02 17:46:31,Rigoberto,DASHBOARD
2026-10-02 17:47:06,Rigoberto,ACCESS CONTROL
2026-10-02 11:47:08,Rigoberto,ACCESS CONTROL
2026-10-02 11:47:42,Rigoberto,ACCESS CONTROL
