Folio,Codigo,Descripcion,Cant_Solicitada,Cant_Recibida
240686,68732293,Dove PRO ESNTL NRSHNG LN Crema Humectante 235 ml / 24 Piezas,4.0,4.0
240261,67732293,Dove PRO ESNTL NRSHNG LN Crema Humectante 235 ml / 24 Piezas,4.0,4.0
240257,68732293,Dove PRO ESNTL NRSHNG LN Crema Humectante 235 ml / 24 Piezas,5.0,5.0
241065,4051-L10,SHAMPOO TEA LEAF,1.0,1.0
243277,4032-L01,ENJUAGUE BUCAL BRISS,3.0,3.0
240263,64962295,Dove Deep Nourishing HW Jabón de manos 235 ml / 24 Piezas,7.0,7.0
241135,JHRB-0504,1966885 Rubbermaid bolsa vinil para carro camarista color café 26.7x43.2x83.8cm Pza MOQ4,1.0,1.0
240254,68732292,Dove PRO DAILY MOISTURE BW Jabón de ducha 235ml / 24 Piezas,8.0,8.0
238128,4018-A23,Limpia calzado Lavarino Cosso. Cajilla Nva. Imagen Caja con 225 piezas,2.0,2.0
