Factura,Fecha_Conta,Nombre_Cliente,Nombre_Extran,Transporte,DESTINO,DIRECCION
243949,2026-09-17,OPERADORA HI LA ISLA,HOLIDAY INN ACAPULCO LA ISLA  A0200833 (ACALI),Cobro Regreso,"LA ZANJA, GRO.","BOULEVARD DE LAS NACIONES 2000, LOTE 33 MZA 28 D ZON, 39906, LA ZANJA, GRO"
243950,2026-09-17,EQUILIMP,EQUILIMP QUERETARO,Cobro Destino,"QUERETARO, QUE.","AV PEÑUELAS 5 INT:3, SAN PEDRITO PEÑUELAS, 76148, QUERETARO, QUE"
243951,2026-09-17,HOTELES Y SERVICIOS CASABLANCA,WYNDHAM GARDEN AEROPUERTO (WYA),Cobro Regreso,"APODACA, NL.","AVENIDA ROGELIO GONZALEZ CABALLERO 150, PARQUE INDUSTRIAL STIVA AEROPUERTO, 66626, APODACA, NL"
243952,2026-09-17,ALKOER,STAYBRIDGE SALTILLO (SLWGP),Cobro Regreso,"SALTILLO, COA.","BULEVAR CORPORATIVO 177 MANZANA 1E LOTE 3A, PARQUE CENTRO, 25279, SALTILLO, COA"
243953,2026-09-17,OPERADORA DE ESTANCIAS CREATIVAS,HOLIDAY INN EXPRESS TUXTLA GUTIERREZ LA MARIMBA (TGZRF),Cobro Regreso,"TUXTLA, CHS.","AVENIDA CENTRAL PONIENTE 1254, EL MAGUEY, 29000, TUXTLA, CHS"
243954,2026-09-17,OPERADORA Y SERVICIOS TURISTICOS DE GUANAJUATO,AVID TIJUANA OTAY(TIJAV),Cobro Regreso,"TIJUANA, BC.","CALLE ING JUAN OJEDA ROBLES ING. JUAN OJEDA ROBLES 14802, MISIONES DE CALIFORNIA, 22253, TIJUANA, BC"
243955,2026-09-17,COMERCIALIZADORA SANITARIA,COMSAN,Cobro Regreso,"HERMOSILLO, SON.","AV. LUIS DONALDO COLOSIO #126, CENTRO, 83000, HERMOSILLO, SON"
243956,2026-09-17,AQUA OPERADORA HOTELERA,HOLIDAY INN EXPRESS GUADALAJARA PONIENTE (GDLQP) A0224769,Transporte LOCAL,"ZAPOPAN, JAL.","CARRETERA GUADALAJARA-NOGALES No. 440 int  3, SAN JUAN DE OCOTAN, 45019, ZAPOPAN, JAL"
243957,2026-09-17,HOTELES EURO MEXICO POZA RICA,HOTEL PARIS FC,Tres Guerras Ocurre Oficina,"POZA RICA DE HIDALGO, VER.","BOULEVARD ADOLFO RUIZ CORTINES 1328, CAZONES, 93230, POZA RICA DE HIDALGO, VER"
243958,2026-09-17,ESTANCIA & CONFORT DE ANGELES,HOLIDAY INN EXPRESS & SUITES PUEBLA ANGELOPOLIS  (PUEAN),Cobro Regreso,"SAN ANDRES CHOLULA, PUE.","AV. PERSEO ORIENTE 2502, SAN MARTINITO, 72825, SAN ANDRES CHOLULA, PUE"
243959,2026-09-17,HOTELES EURO MEXICO POZA RICA,HOTEL PARIS FC,Tres Guerras Ocurre Oficina,"POZA RICA DE HIDALGO, VER.","BOULEVARD ADOLFO RUIZ CORTINES 1328, CAZONES, 93230, POZA RICA DE HIDALGO, VER"
243961,2026-09-17,OPERADORA DE HOTELES SILAO,HOLIDAY INN EXPRESS SILAO (MILENIUM) (BJXAS),Cobro Regreso,"SILAO, GTO.","LIBRAMIENTO NORTE 3360, LA JOYA, 36169, SILAO, GTO"
243962,2026-09-17,INMOBILIARIA HOTELERA EL PRESIDENTE SAN JOSE DEL CABO,HOLIDAY INN EXPRESS & SUITES CELAYA (BJXCE),Cobro Regreso,"CELAYA, GTO.","EJE NOR-ORIENTE AV. LUIS DONALDO COLOSIO 285, LAS DELICIAS, 38080, CELAYA, GTO"
243963,2026-09-17,OPERADORA ENCORE QUERETARO,ENCORE QUERETARO (EQRO),Cobro Regreso,"QUERETARO, QUE.","CARRETERA QUERETARO-SAN LUIS POTOSÍ #11515, EL SALITRE, 76230, QUERETARO, QUE"
243964,2026-09-17,OPERADORA DE ESTANCIAS CREATIVAS,HOLIDAY INN EXPRESS TAPACHULA (TAPPF),Cobro Regreso,"TAPACHULA, CHS.","CARRETERA A PTO MADERO KM 3.5, LAS HORTENCIAS, 30797, TAPACHULA, CHS"
243965,2026-09-17,HOTEL ROYAL PLAZA,STAYBRIDGE  SUITES PUEBLA (PUEAA),Cobro Regreso,"PUEBLA, PUE.","Av Hermanos Serdan 810 INT SN, El Riego Sur, 72160, PUEBLA, PUE"
243966,2026-09-17,HOTELERA PLAZA DALI,HOLIDAY INN MEXICO DALI AEROPUERTO A0207811 (MEXPD),Cobro Regreso,"MEXICO, CMX.","VIADUCTO RIO DE LA PIEDAD 260, MAGDALENA MIXHUCA, 15860, MEXICO, CMX"
243967,2026-09-17,HOTELERIA SUSTENTABLE DEL PACIFICO,HOLIDAY INN EXPRESS & SUITES CIUDAD OBREGON (CENAR),Cobro Regreso,"CIUDAD OBREGON, SON.","CALLE MIGUEL ALEMAN 737, ZONA NORTE, 85040, CIUDAD OBREGON, SON"
243968,2026-09-17,PROMOTORA DEVI,HOLIDAY INN & SUITES AIFA (MEXZD),Cobro Regreso,"ZUMPANGO, MEX.","CIRCUITO CIUDAD AEROPUERTARIA LOTE 3 INT SN, AEROPUERTO INTERNACIONAL FELIPE ANGELES, 55640, ZUMPANGO, MEX"
243969,2026-09-17,FORNIX,HOLIDAY INN EXPRESS CABO SAN LUCAS (SJDSL),Cobro Regreso,"CABO SAN LUCAS, BCS.","CARRET TRANSP KM 4.5 SN, PLAZA TRANSPENINSULA, 23454, CABO SAN LUCAS, BCS"
243970,2026-09-17,SELFI GRUPO OPERADOR DE ESTACIONAMIENTOS,HOLIDAY INN EXPRESS XALAPA (JALEX),Cobro Regreso,"XALAPA ENRIQUEZ, VER.","IGNACIO ZARAGOZA 8, CENTRO, 91000, XALAPA ENRIQUEZ, VER"
243971,2026-09-17,FIDEICOMISO IRREVOCABLE DB/1616,HOLIDAY INN PUEBLA LA NORIA (PUELN),Cobro Regreso,"PUEBLA, PUE.","CIRCUITO JUAN PABLO II 1936, EX HACIENDA LA NORIA, 72410, PUEBLA, PUE"
243973,2026-09-17,FIDEICOMISO IRREVOCABLE DB/1616,HOLIDAY INN EXPRESS & SUITES TOLUCA APTO(TLUZO),Cobro Regreso,"TOLUCA, MEX.","BOULEVARD MIGUEL ALEMÁN  55, PARQUE INDUSTRIAL LERMA, 52000, TOLUCA, MEX"
243974,2026-09-17,HOTELERA BAJO LERMA,HOLIDAY INN LA PIEDAD (LPDEX),Cobro Destino,"LA PIEDAD, MCH.","KM.2.5 CARRETERA LA PIEDAD, MARGARITAS, 59300, LA PIEDAD, MCH"
243975,2026-09-17,TURISTICA ARIZONA,HOLIDAY INN EXPRESS SAN LUIS POTOSI A0201813 (SLPMV),Cobro Regreso,"SAN LUIS POTOSI, SLP.","AV BENITO JUAREZ 1270, VALLE DORADO, 78399, SAN LUIS POTOSI, SLP"
243976,2026-09-17,INMOBILIARIA HOTELERA EL PRESIDENTE SAN JOSE DEL CABO,HOLIDAY INN & SUITES AGUASCALIENTES (AGUGP),Cobro Regreso,"AGUASCALIENTES, AGS.","CARRETERA PANAMERICANA SUR KM 52 S/N, CARRETERA PANAMERICANA, 20345, AGUASCALIENTES, AGS"
243977,2026-09-17,EDUARDO HERNANDEZ TOVAR,HOTEL CASA FAROLES,Cobro Destino,"ZACATECAS, ZAC.","TACUBA #107, CENTRO, 98000, ZACATECAS, ZAC"
243978,2026-09-17,HOTELERA QUERETANA,HOLIDAY INN EXPRESS & SUITES QUERETARO (MQERG),Cobro Regreso,"QUERETARO, QUE.","AVENIDA 5 DE FEBRERO 110 BIS, NIÑOS HEROES, 76010, QUERETARO, QUE"
243979,2026-09-17,KUYN HOTELS,HOLIDAY INN URUAPAN (UPNMX),Cobro Regreso,"URUAPAN, MCH.","BOULEVARD INDUSTRIAL 1705, VILLA URUAPAN, 60120, URUAPAN, MCH"
243981,2026-09-17,GEORGINA GUADALUPE VILLASEÑOR DEL CASTILLO,HOTEL STORE PUERTO VALLARTA,Sanchez Barcelata C.Regreso,"BAHIA DE BANDERAS, NAY.","AV TEPIC NORTE 473, MEZCALES, 63732, BAHIA DE BANDERAS, NAY"
243982,2026-09-17,CONSORCIO CUMA,HOLIDAY INN QUERETARO ZONA DIAMANTE (MQEBC),Cobro Regreso,"QUERETARO, QUE.","ANILLO VIAL II FRAY JUNIPERO SERRA  1500 A INT SN, ARBOLEDAS, 76140, QUERETARO, QUE"
243983,2026-09-17,MAURICIO MIGUEL NIEBLAS GOMEZ,HOTEL NG,Transporte LOCAL,"ZAPOPAN, JAL.","AV CENTRAL 500 + 400 DPTO 806, PUERTA DEL VALLE, 45136, ZAPOPAN, JAL"
243984,2026-09-17,OPERADORA PACAAR,HOTEL CHN SANTA FE,Cobro Regreso,"MONTERREY, NL.","CALLE ZACATEPEC 100, VALLE MORELOS, 64180, MONTERREY, NL"
243985,2026-09-17,HOTEL BELLO VERACRUZ,HOTEL BELLO VERACRUZ,Cobro Destino,"BOCA DEL RIO, VER.","CALZADA RUIZ CORTINES 258, COSTA VERDE, 94294, BOCA DEL RIO, VER"
243986,2026-09-17,PROMOTORA PLATINIUM,"HILTON GARDEN INN BOCA DEL RIO, VERACRUZ MEXICO (VERBR)",Cobro Regreso,"BOCA DEL RIO VERACRUZ, VER.","BLVD MANUEL AVILA CAMACHO LOTE 5, COSTA DE ORO 1ERA SECCION, 94299, BOCA DEL RIO VERACRUZ, VER"
243987,2026-09-17,OPERADORA DE ESTANCIAS CREATIVAS,HOLIDAY INN TUXTLA GUTIERREZ (TGZMX),Cobro Regreso,"TUXTLA, CHS.","BLVD BELISARIO DOMINGUEZ KM  1081, JARDINES DE TUXTLA, 29020, TUXTLA, CHS"
243988,2026-09-17,IMPULSORA PLAZA MINATITLAN,CITY EXPRESS MINATITLAN (CEMTT),Cobro Regreso,"MINATITLAN, VER.","BLVD.INSTITUTOS TECNOLOGICOS KM.711 MZA 28 LT 39, MORELOS, 96760, MINATITLAN, VER"
243989,2026-09-17,GLADIS SEBIGNE VILLAMAR GOMEZ,HOTEL GLADYS,Transporte LOCAL,"GUADALAJARA, JAL.","CALLE OTTAWA #1560 INT 605, PROVIDENCIA, 44630, GUADALAJARA, JAL"
243990,2026-09-17,SERRA DO SUIDO,MOTEL SCALA,Cobro Destino,"GENERAL ESCOBEDO, NL.","CARRETERA A LAREDO KM 16, BALCONES DEL NORTE, 66052, GENERAL ESCOBEDO, NL"
243991,2026-09-17,IMPULSORA PLAZA TIJUANA,CITY EXPRESS TAPACHULA (CETAP),Cobro Regreso,"TAPACHULA, CHS.","CARRETERA A PUERTO MADERO PRIVADA PASEO DE LAS HORTENCIAS TRAMO 1. KM 3.5 S/N, FRACCIONAMIENTO LAS HORTENCIAS, 30797, TAPACHULA, CHS"
243992,2026-09-17,INICIATIVAS URBANISTICAS Y RESIDENCIALES DEL PACIFICO,LUXOR SUITE & POOL,Transporte LOCAL,"ZAPOPAN, JAL.","CALLE AYUNTAMIENTO #333, EL MANTE, 45235, ZAPOPAN, JAL"
243993,2026-09-17,HOTELERIA SUSTENTABLE DEL PACIFICO,HOLIDAY INN EXPRESS GUAYMAS (GYMSO),Cobro Regreso,"GUAYMAS, SON.","CALZADA AGUSTIN GARCIA LOPEZ  1298, LAS QUINTAS, 85448, GUAYMAS, SON"
243994,2026-09-17,AMERICA CAMPOS CHAGOYA,HOTEL ELSY,Cobro Destino,"SILAO DE LA VICTORIA, GTO.","AV. PROL 5 DE MAYO #128, LA JOYITA, 36130, SILAO DE LA VICTORIA, GTO"
243995,2026-09-17,HOSPITALIDAD DE IRAPUATO,"HAMPTON IRAPUATO, MEXICO (BJXIR)",Cobro Regreso,"IRAPUATO, GTO.","BLVD LAZARO CARDENAS 4210, RESIDENCIAL CAMPESTRE, 36698, IRAPUATO, GTO"
243996,2026-09-17,OPERADORA VILLA LOS SAUCES,ECONO EXPRESS METEPEC,Cobro Destino,"METEPEC, DF2.","AV. TECNOLOGICO NTE #1249, FRANCISCO I MADERO, 52140, METEPEC, DF2"
243997,2026-09-17,OPERADOR DE SERVICIOS TURISTICOS RIO,HOTEL RIO TEQUISQUIAPAN,Cobro Destino,"TEQUISQUIAPAN, QUE.","CALLE NIÑOS HEROES #33, CENTRO, 76750, TEQUISQUIAPAN, QUE"
243998,2026-09-17,OPERADORA RIO GRANDE,QUALITY INN AGUASCALIENTES (143211),Cobro Regreso,"AGUASCALIENTES, AGS.","JOSE MARIA CHAVEZ  #101, CENTRO, 20000, AGUASCALIENTES, AGS"
244000,2026-09-18,INMOBILIARIA HOTELERA EL PRESIDENTE SAN JOSE DEL CABO,HOLIDAY INN EXPRESS & SUITES CELAYA (BJXCE),Cobro Regreso,"CELAYA, GTO.","EJE NOR-ORIENTE AV. LUIS DONALDO COLOSIO 285, LAS DELICIAS, 38080, CELAYA, GTO"
244002,2026-09-18,MIKALLI PROPERTY MANAGEMENT,MIKALLI PROPERTY MANAGEMENT,Cobro Destino,"BAHIA DE BANDERAS, NAY.","AV MEXICO 61 TORRE SIENA DEP 306, NO ESPECIFICADA EN EL CATALOGO, 63735, BAHIA DE BANDERAS, NAY"
244004,2026-09-18,JOSE PABLO GARCIA EVERARDO,JP HOTEL,Cobro Destino,"LAZARO CARDENAS, MCH.","AV. LAS TRUCHAS #136, JOSE GREEN, 60952, LAZARO CARDENAS, MCH"
244005,2026-09-18,GRUPO AGC INTERNACIONAL,GRUPO AGC,Transporte LOCAL,"GUADALAJARA, JAL.","AV. 18 DE MARZO 704 BODEGA ALCE, LA NOGALERA, 44470, GUADALAJARA, JAL"
244006,2026-09-18,GRUPO AGC INTERNACIONAL,GRUPO AGC,Transporte LOCAL,"GUADALAJARA, JAL.","AV. 18 DE MARZO 704 BODEGA ALCE, LA NOGALERA, 44470, GUADALAJARA, JAL"
244007,2026-09-18,GRUPO AGC INTERNACIONAL,GRUPO AGC,Transporte LOCAL,"GUADALAJARA, JAL.","AV. 18 DE MARZO 704 BODEGA ALCE, LA NOGALERA, 44470, GUADALAJARA, JAL"
244008,2026-09-18,OPERADORA RIO GRANDE,QUALITY INN AGUASCALIENTES (143211),Cobro Regreso,"AGUASCALIENTES, AGS.","JOSE MARIA CHAVEZ  #101, CENTRO, 20000, AGUASCALIENTES, AGS"
244009,2026-09-18,IMPULSORA PLAZA SAN CARLOS,CITY EXPRESS GUAYMAS (CEGYM),Cobro Regreso,"GUAYMAS, SON.","BLVD. LUIS ENRIQUE ENCINAS JHONSON S/N, LAS QUINTAS, 85448, GUAYMAS, SON"
244013,2026-09-18,OPERADORA GRILAR,HOTEL ORIZABA INN,Cobro Destino,"ORIZABA, VER.","ORIENTE 2 117 ORIZABA, CENTRO, 94300, ORIZABA, VER"
244015,2026-09-18,COMPAÑIA MEXICANA DE INVERSIONES TURISTICAS,HOTEL LUCERNA ENSENADA,Cobro Regreso,"ENSENADA, BC.","AUTOPISTA TIJUANA-ENSENADA # 2501, ZONA PLAYITAS, 22860, ENSENADA, BC"
244016,2026-09-18,CONSTRUCTORA TURISTICA DE HUANACAXTLE,BANDERAS SUITES & HOTEL,Kora Express C.Destino,"PLAYAS DE HUANACAXTLE, NAY.","RETORNO LAS MINITAS #496, PLAYAS DE HUANACAXTLE, 63732, PLAYAS DE HUANACAXTLE, NAY"
244017,2026-09-18,COMPAÑIA MEXICANA DE INVERSIONES TURISTICAS,HOTEL LUCERNA ENSENADA,Cobro Regreso,"ENSENADA, BC.","AUTOPISTA TIJUANA-ENSENADA # 2501, ZONA PLAYITAS, 22860, ENSENADA, BC"
244018,2026-09-18,OPERADORA HOTELERA AVION,HOTEL LA VID,Cobro Destino,"AGUASCALIENTES, AGS.","JOSE MARIA CHAVEZ #1305, CD.INDUSTRIAL, 20290, AGUASCALIENTES, AGS"
244019,2026-09-18,FIDEICOMISO F/1596,FIESTA INN MONTERREY LA FE (FIMTF),Cobro Destino,"SAN NICOLAS DE LOS GARZA, NL.","CARRETERA MIGUEL ALEMAN No. 105  LA FE, LA FE, 66477, SAN NICOLAS DE LOS GARZA, NL"
244020,2026-09-18,MARMAYA,HOTEL CASA MONARCA,Cobro Destino,"PUEBLA, PUE.","7 SUR #303 ENTRE 3 Y 5 PONIENTE, PUEBLA CENTRO, 72000, PUEBLA, PUE"
244021,2026-09-18,IMPULSORA PLAZA JUAREZ,CITY EXPRESS SAN LUIS POTOSI ZONA INDUSTRIAL (CESLP),Cobro Destino,"SAN LUIS POTOSI, SLP.","CARR. CENTRAL MEXICO-SLP #2150, FRACC. INDUSTRIAS, 78399, SAN LUIS POTOSI, SLP"
244022,2026-09-18,M&C&S PROMOTORES INTERNACIONALES ESPECIALIZADOS HOTELERIA,BEST WESTERN TULA,Cobro Destino,"TULA DE ALLENDE, HID.","ZARAGOZA 11, CENTRO, 42800, TULA DE ALLENDE, HID"
244023,2026-09-18,COMERCIALIZADORA SANITARIA,COMSAN,Cobro Regreso,"MAZATLAN, SIN.","CARRETERA FEDERAL LIBRE MEXICO-NOGALES KM 1194 , BODEGA 10, BM., URIAS, 82099, MAZATLAN, SIN"
244024,2026-09-18,IMPULSORA PLAZA HIDALGO,CITY EXPRESS TIJUANA FLORIDO (CETIF),Cobro Regreso,"TIJUANA, BC.","CARRETERA LIBRE TIJUANA-MEXICALI N/N A UN LADO DE PLAZA SENDERO, EL FLORIDO, 22247, TIJUANA, BC"
